name,cut,ratio,runtime_sec
Random best-of-2000,4652.644135093516,0.6232020399427067,0.020093202590942383
Greedy hillclimb (24 starts),6732.8774915051645,0.9018405159641587,0.004206180572509766
LoopEi (Tabu+Schedule+Relink+MicroLNS),7099.571726101166,0.9509576606242809,16.575210571289062
