{
  "cut": 7099.571726101166,
  "cut_ratio": 0.9509576606242809,
  "total_weight": 7465.707486325382,
  "runtime_sec": 16.575210571289062,
  "partition": [
    1,
    0,
    0,
    1,
    0,
    1,
    0,
    0,
    1,
    1,
    0,
    1,
    0,
    0,
    0,
    1,
    1,
    1,
    1,
    0,
    1,
    0,
    1,
    0,
    1,
    1,
    0,
    0,
    1,
    1,
    0,
    1,
    0,
    1,
    0,
    0,
    0,
    1,
    0,
    0,
    0,
    1,
    0,
    1,
    0,
    0,
    1,
    1,
    0,
    0,
    0,
    0,
    0,
    0,
    0,
    0,
    1,
    0,
    1,
    0,
    0,
    1,
    1,
    0,
    0,
    1,
    1,
    0,
    0,
    1,
    0,
    1,
    1,
    1,
    0,
    1,
    1,
    0,
    0,
    1,
    1,
    0,
    1,
    0,
    1,
    0,
    0,
    0,
    0,
    1,
    1,
    0,
    1,
    0,
    1,
    0,
    0,
    1,
    1,
    1,
    1,
    1,
    1,
    0,
    1,
    0,
    1,
    0,
    0,
    1,
    0,
    0,
    0,
    1,
    0,
    1,
    1,
    1,
    1,
    1,
    1,
    0,
    1,
    0,
    0,
    0,
    0,
    1,
    1,
    0,
    1,
    1,
    0,
    0,
    1,
    0,
    0,
    0,
    1,
    0,
    1,
    0,
    1,
    1,
    1,
    0,
    0,
    1,
    1,
    1,
    0,
    0,
    0,
    1,
    1,
    0,
    0,
    0,
    1,
    1,
    1,
    0,
    0,
    1,
    1,
    0,
    0,
    0,
    0,
    0,
    1,
    1,
    1,
    1,
    1,
    0,
    0,
    1,
    1,
    0
  ],
  "meta": {
    "dataset": {
      "path": "problemb.parquet",
      "columns": {
        "u": "node_1",
        "v": "node_2",
        "w": "weight"
      }
    },
    "config": {
      "seed": 7,
      "starts": 8,
      "cycles": 22,
      "pop_keep": 12,
      "elites": 4,
      "relink_steps": 60,
      "micro_topk": 34,
      "micro_pair_samples": 900,
      "iters": {
        "smooth": 550000,
        "mid": 550000,
        "full": 700000
      },
      "stall": {
        "smooth": 45000,
        "mid": 50000,
        "full": 60000
      },
      "tenure_base": {
        "smooth": 35,
        "mid": 37,
        "full": 42
      },
      "baselines": {
        "random_trials": 2000,
        "greedy_starts": 24,
        "greedy_passes": 40
      }
    },
    "method_flags": {
      "dynamic_smoothing": true,
      "elite_consensus": true,
      "path_relinking": true,
      "micro_lns_2flip_sampled": true,
      "adaptive_stop": true,
      "baselines_included": true,
      "figures_included": true
    },
    "env": {
      "python": "3.13.7 (tags/v3.13.7:bcee1c3, Aug 14 2025, 14:15:11) [MSC v.1944 64 bit (AMD64)]",
      "platform": "Windows-11-10.0.26200-SP0",
      "cpu_count": 8,
      "numpy": "2.3.3",
      "pandas": "3.0.1",
      "numba": "0.62.1"
    },
    "outputs": {
      "json": "loopei_result_B.json",
      "partition_csv": "partition.csv",
      "convergence_csv": "convergence.csv",
      "comparisons_csv": "comparisons.csv",
      "comparisons_json": "comparisons.json",
      "figures": [
        "publication_figure.png",
        "figure_baseline_comparison.png",
        "figure_weight_hist.png",
        "figure_degree_hist.png",
        "figure_cut_edge_weight_hist.png"
      ]
    }
  }
}