{
  "best_cut": 3728.413221034004,
  "efficiency": 0.8844186616697087,
  "baseline": 3285.701486550794,
  "conflict_nodes": 0,
  "blocking_edges": [
    [
      230.132796666322,
      0,
      9
    ],
    [
      79.566259337619,
      5,
      20
    ],
    [
      69.370767049222,
      1,
      15
    ],
    [
      67.340838809393,
      3,
      13
    ],
    [
      40.841596159559,
      10,
      19
    ]
  ]
}